{
  "config": {
    "n": 50,
    "seed": 42,
    "k": 50,
    "metrica": "euclidean",
    "penalizar": false,
    "force_rebuild": false
  },
  "by_algorithm": {
    "Dijkstra": {
      "time_ms": {
        "count": 41,
        "mean": 66.92255609498427,
        "median": 61.72599992714822,
        "stdev": 47.625019771816454,
        "min": 3.2900000223889947,
        "max": 168.68300002533942
      },
      "expanded_nodes": {
        "count": 41,
        "mean": 2465.951219512195,
        "median": 2203.0,
        "stdev": 1770.865599990643,
        "min": 88.0,
        "max": 5532.0
      },
      "relaxations": {
        "count": 41,
        "mean": 123247.56097560975,
        "median": 110100.0,
        "stdev": 88543.27999953215,
        "min": 4350.0,
        "max": 276550.0
      },
      "path_length": {
        "count": 41,
        "mean": 7.439024390243903,
        "median": 7.0,
        "stdev": 2.9635902788456656,
        "min": 2.0,
        "max": 14.0
      },
      "path_cost": {
        "count": 41,
        "mean": 2.8874953814965076,
        "median": 3.017594128573295,
        "stdev": 1.2428905576260112,
        "min": 0.6153933970994243,
        "max": 5.835780105391038
      }
    },
    "A*": {
      "time_ms": {
        "count": 41,
        "mean": 65.15084633251607,
        "median": 60.46239996794611,
        "stdev": 46.097350887743325,
        "min": 3.5255999537184834,
        "max": 163.49509998690337
      },
      "expanded_nodes": {
        "count": 41,
        "mean": 2465.951219512195,
        "median": 2203.0,
        "stdev": 1770.865599990643,
        "min": 88.0,
        "max": 5532.0
      },
      "relaxations": {
        "count": 41,
        "mean": 60374.48780487805,
        "median": 62629.0,
        "stdev": 41859.65721377481,
        "min": 2836.0,
        "max": 133111.0
      },
      "path_length": {
        "count": 41,
        "mean": 7.439024390243903,
        "median": 7.0,
        "stdev": 2.9635902788456656,
        "min": 2.0,
        "max": 14.0
      },
      "path_cost": {
        "count": 41,
        "mean": 2.8874953814965076,
        "median": 3.017594128573295,
        "stdev": 1.2428905576260112,
        "min": 0.6153933970994243,
        "max": 5.835780105391038
      }
    }
  }
}