{
  "config": {
    "n": 50,
    "seed": 42,
    "k": 50,
    "metrica": "euclidean",
    "penalizar": true,
    "force_rebuild": false
  },
  "by_algorithm": {
    "Dijkstra": {
      "time_ms": {
        "count": 41,
        "mean": 81.220812206838,
        "median": 77.41570007055998,
        "stdev": 57.846154533031076,
        "min": 6.072200019843876,
        "max": 204.18600004632026
      },
      "expanded_nodes": {
        "count": 41,
        "mean": 2459.512195121951,
        "median": 2298.0,
        "stdev": 1729.0324676655216,
        "min": 89.0,
        "max": 5610.0
      },
      "relaxations": {
        "count": 41,
        "mean": 122925.60975609756,
        "median": 114850.0,
        "stdev": 86451.62338327608,
        "min": 4400.0,
        "max": 280450.0
      },
      "path_length": {
        "count": 41,
        "mean": 8.878048780487806,
        "median": 9.0,
        "stdev": 3.4015428490198425,
        "min": 3.0,
        "max": 15.0
      },
      "path_cost": {
        "count": 41,
        "mean": 4.8511997091586325,
        "median": 5.032300696366125,
        "stdev": 2.28951029235192,
        "min": 0.7653933970994242,
        "max": 9.857958387858917
      }
    },
    "A*": {
      "time_ms": {
        "count": 41,
        "mean": 73.97384390734682,
        "median": 71.46330003160983,
        "stdev": 52.11951959683672,
        "min": 6.2657000962644815,
        "max": 195.26740000583231
      },
      "expanded_nodes": {
        "count": 41,
        "mean": 2459.512195121951,
        "median": 2298.0,
        "stdev": 1729.0324676655216,
        "min": 89.0,
        "max": 5610.0
      },
      "relaxations": {
        "count": 41,
        "mean": 58815.21951219512,
        "median": 60903.0,
        "stdev": 39759.596655651665,
        "min": 2872.0,
        "max": 122809.0
      },
      "path_length": {
        "count": 41,
        "mean": 8.878048780487806,
        "median": 9.0,
        "stdev": 3.4015428490198425,
        "min": 3.0,
        "max": 15.0
      },
      "path_cost": {
        "count": 41,
        "mean": 4.8511997091586325,
        "median": 5.032300696366125,
        "stdev": 2.28951029235192,
        "min": 0.7653933970994242,
        "max": 9.857958387858917
      }
    }
  }
}