{
  "config": {
    "n": 50,
    "seed": 42,
    "k": 50,
    "metrica": "euclidean",
    "penalizar": false,
    "force_rebuild": false
  },
  "by_algorithm": {
    "Dijkstra": {
      "time_ms": {
        "count": 41,
        "mean": 42.488182931797716,
        "median": 38.719400006812066,
        "stdev": 30.2947926720875,
        "min": 2.3142999853007495,
        "max": 104.23789999913424
      },
      "expanded_nodes": {
        "count": 41,
        "mean": 2465.951219512195,
        "median": 2203.0,
        "stdev": 1770.865599990643,
        "min": 88.0,
        "max": 5532.0
      },
      "relaxations": {
        "count": 41,
        "mean": 123247.56097560975,
        "median": 110100.0,
        "stdev": 88543.27999953215,
        "min": 4350.0,
        "max": 276550.0
      },
      "path_length": {
        "count": 41,
        "mean": 7.439024390243903,
        "median": 7.0,
        "stdev": 2.9635902788456656,
        "min": 2.0,
        "max": 14.0
      },
      "path_cost": {
        "count": 41,
        "mean": 2.8874953814965076,
        "median": 3.017594128573295,
        "stdev": 1.2428905576260112,
        "min": 0.6153933970994243,
        "max": 5.835780105391038
      }
    },
    "A*": {
      "time_ms": {
        "count": 41,
        "mean": 18.203378057323125,
        "median": 13.39370000641793,
        "stdev": 19.548187962681396,
        "min": 1.2076999992132187,
        "max": 98.50660001393408
      },
      "expanded_nodes": {
        "count": 41,
        "mean": 690.4146341463414,
        "median": 560.0,
        "stdev": 768.6036428392997,
        "min": 3.0,
        "max": 3496.0
      },
      "relaxations": {
        "count": 41,
        "mean": 17156.48780487805,
        "median": 13963.0,
        "stdev": 19258.093287735406,
        "min": 99.0,
        "max": 87751.0
      },
      "path_length": {
        "count": 41,
        "mean": 7.609756097560975,
        "median": 7.0,
        "stdev": 3.0273392388929374,
        "min": 2.0,
        "max": 14.0
      },
      "path_cost": {
        "count": 41,
        "mean": 2.9348950109862604,
        "median": 3.0322381449194316,
        "stdev": 1.26245079875027,
        "min": 0.6212211412291939,
        "max": 5.851409513527846
      }
    }
  }
}